Column1,Column2,Column3,Column4,Column5,Column6
카테고리: 모든 카테고리,,,,,
,,,,,
월,제주도 여행: (대한민국),애월: (대한민국),올레길: (대한민국),한달살기: (대한민국),해외여행: (대한민국)
2009년,0,0,0,0,33
2009년,22,0,0,0,0
2009년,0,0,0,0,0
2009년,25,0,0,0,0
2009년,0,0,0,0,21
2009년,38,0,0,0,28
2009년,40,0,20,0,29
2009년,31,0,0,0,0
2009년,27,0,0,0,0
2009년,0,0,0,0,22
2009년,0,0,28,21,23
2009년,33,0,0,0,0
2010년,22,0,0,0,37
2010년,0,0,0,0,0
2010년,18,0,0,0,37
2010년,25,0,17,0,22
2010년,22,0,0,0,23
2010년,37,0,22,0,42
2010년,58,0,34,0,48
2010년,51,0,28,0,57
2010년,76,0,37,0,55
2010년,85,0,41,0,52
2010년,84,9,75,0,56
2010년,79,0,24,0,54
2011년,72,5,16,0,60
2011년,45,0,22,0,35
2011년,44,0,31,0,32
2011년,62,0,26,0,30
2011년,55,0,36,0,32
2011년,84,0,31,0,50
2011년,94,0,30,0,58
2011년,75,0,26,0,48
2011년,55,0,28,0,37
2011년,59,5,33,0,37
2011년,60,4,25,0,40
2011년,58,0,10,0,33
2012년,85,4,21,0,49
2012년,100,3,21,0,46
2012년,91,0,26,0,55
2012년,62,0,26,0,29
2012년,81,4,25,0,39
2012년,73,4,24,0,51
2012년,88,3,66,4,52
2012년,67,0,24,0,35
2012년,38,0,18,0,29
2012년,50,3,19,0,30
2012년,44,4,18,0,31
2012년,42,6,12,0,36
2013년,47,4,16,0,37
2013년,62,6,19,0,36
2013년,67,3,20,0,25
2013년,54,4,20,0,30
2013년,47,3,20,0,33
2013년,40,5,14,0,38
2013년,52,6,15,0,40
2013년,53,5,17,0,43
2013년,42,6,16,0,37
2013년,36,8,20,0,27
2013년,32,5,17,0,33
2013년,38,7,12,0,34
2014년,44,5,14,0,41
2014년,48,5,11,0,33
2014년,42,6,16,0,35
2014년,40,5,16,0,35
2014년,33,8,15,0,38
2014년,41,7,14,0,47
2014년,47,6,10,0,47
2014년,32,9,11,0,43
2014년,28,6,13,0,28
2014년,40,5,13,0,31
2014년,33,5,10,0,33
2014년,32,5,5,0,40
2015년,33,5,12,0,42
2015년,33,6,11,0,37
2015년,39,4,11,0,38
2015년,36,4,11,0,40
2015년,35,4,13,0,41
2015년,31,6,9,0,39
2015년,48,8,10,0,41
2015년,34,8,8,3,37
2015년,24,8,6,2,33
2015년,20,9,11,2,31
2015년,26,6,10,0,32
2015년,31,6,6,2,36
2016년,33,5,9,2,40
2016년,29,9,8,3,31
2016년,29,6,10,0,32
2016년,28,8,8,0,33
2016년,30,7,9,0,37
2016년,32,11,9,0,42
2016년,32,9,8,0,41
2016년,30,12,6,2,35
2016년,22,10,7,0,34
2016년,22,8,9,2,29
2016년,19,9,8,0,33
2016년,24,8,6,2,38
2017년,26,8,7,0,45
2017년,32,10,9,2,45
2017년,33,10,9,3,38
2017년,29,10,11,3,40
2017년,28,14,7,4,41
2017년,30,20,9,4,41
2017년,38,19,8,3,48
2017년,38,21,9,3,44
2017년,27,14,10,4,39
2017년,18,15,9,4,36
2017년,18,11,7,7,38
2017년,27,12,5,4,43
2018년,27,11,4,7,47
2018년,26,10,6,5,42
2018년,26,11,7,5,37
2018년,27,13,7,6,37
2018년,27,13,6,5,41
2018년,28,12,8,10,45
2018년,28,15,5,8,44
2018년,26,15,5,11,40
2018년,17,12,4,10,38
2018년,18,9,7,8,37
2018년,21,13,6,7,36
2018년,24,10,5,8,46
2019년,27,13,6,7,46
2019년,24,13,6,7,45
2019년,23,11,7,9,36
2019년,22,12,7,9,38
2019년,25,15,8,8,45
2019년,25,17,7,11,52
2019년,27,21,6,10,55
2019년,26,18,6,11,48
2019년,22,20,6,13,40
2019년,20,17,6,12,40
2019년,23,14,6,12,46
2019년,28,18,7,10,49
2020년,28,16,6,10,51
2020년,17,12,3,8,36
2020년,12,10,4,7,21
2020년,12,10,4,6,15
2020년,13,13,6,8,21
2020년,17,16,5,6,18
2020년,23,22,6,10,18
2020년,17,18,4,14,14
2020년,12,13,5,9,14
2020년,16,18,9,9,17
2020년,18,16,5,11,14
2020년,12,10,3,9,16
2021년,12,11,4,8,11
2021년,20,17,7,11,13
2021년,16,16,7,9,13
2021년,20,19,7,11,12
2021년,19,18,6,10,17
2021년,22,21,7,11,19
2021년,18,20,5,10,15
2021년,15,18,4,9,17
2021년,15,19,5,10,22
2021년,17,20,6,15,27
2021년,20,18,6,10,29
2021년,18,19,5,11,20
2022년,28,24,7,13,23
2022년,21,25,6,13,27
2022년,19,17,6,14,34
2022년,23,20,7,13,45
2022년,25,21,7,15,40
2022년,24,20,6,17,43
2022년,20,22,4,13,42
2022년,18,19,4,14,42
2022년,18,16,5,12,44
2022년,16,17,6,12,41
2022년,16,14,5,11,52
2022년,21,15,4,11,55
2023년,20,17,5,14,69
2023년,19,19,6,12,62
2023년,19,14,5,14,48
2023년,18,16,4,12,50
2023년,16,14,5,13,51
2023년,15,14,3,12,48
2023년,15,23,3,13,55
2023년,14,16,4,12,51
2023년,11,13,3,12,45
2023년,11,11,3,10,43
2023년,12,10,3,9,47
2023년,14,12,3,10,51
