"시점","dt","mid_addr","sum_","avg_"
최근,"2023",강정동,2364,262.6667
최근,"2022",강정동,2442,244.2000
최근,"2021",강정동,2392,217.4545
최근,"2020",강정동,2021,183.7273
최근,"2019",강정동,1806,150.5000
최근,"2018",강정동,1387,126.0909
과거,"2014",강정동,436,48.4444
과거,"2013",강정동,374,41.5556
과거,"2012",강정동,325,36.1111
과거,"2011",강정동,141,28.2000
과거,"2010",강정동,103,25.7500
과거,"2009",강정동,23,23.0000
최근,"2023",건입동,2090,232.2222
최근,"2022",건입동,2131,213.1000
최근,"2021",건입동,1597,199.6250
최근,"2020",건입동,1694,188.2222
최근,"2019",건입동,1617,179.6667
최근,"2018",건입동,1682,168.2000
과거,"2014",건입동,1212,121.2000
과거,"2013",건입동,912,114.0000
과거,"2012",건입동,883,110.3750
과거,"2011",건입동,727,103.8571
과거,"2010",건입동,1103,100.2727
과거,"2009",건입동,579,96.5000
최근,"2023",구좌읍,7789,865.4444
최근,"2022",구좌읍,9316,776.3333
최근,"2021",구좌읍,7909,659.0833
최근,"2020",구좌읍,6776,564.6667
최근,"2019",구좌읍,5867,488.9167
최근,"2018",구좌읍,4923,410.2500
과거,"2014",구좌읍,1978,164.8333
과거,"2013",구좌읍,1550,140.9091
과거,"2012",구좌읍,1333,121.1818
과거,"2011",구좌읍,1088,108.8000
과거,"2010",구좌읍,1024,102.4000
과거,"2009",구좌읍,952,95.2000
최근,"2023",남원읍,3730,466.2500
최근,"2022",남원읍,5098,424.8333
최근,"2021",남원읍,4522,376.8333
최근,"2020",남원읍,4000,333.3333
최근,"2019",남원읍,3480,290.0000
최근,"2018",남원읍,2808,255.2727
과거,"2014",남원읍,1491,149.1000
과거,"2013",남원읍,1658,138.1667
과거,"2012",남원읍,1388,126.1818
과거,"2011",남원읍,1013,112.5556
과거,"2010",남원읍,831,103.8750
과거,"2009",남원읍,774,96.7500
최근,"2023",내도동,102,34.0000
최근,"2022",내도동,116,29.0000
최근,"2021",내도동,94,23.5000
최근,"2020",내도동,78,19.5000
최근,"2019",내도동,77,15.4000
최근,"2018",내도동,48,12.0000
과거,"2014",내도동,5,5.0000
과거,"2013",내도동,9,4.5000
과거,"2012",내도동,8,4.0000
과거,"2010",내도동,4,4.0000
최근,"2023",노형동,11443,1271.4444
최근,"2022",노형동,14140,1178.3333
최근,"2021",노형동,12935,1077.9167
최근,"2020",노형동,11490,957.5000
최근,"2019",노형동,10060,838.3333
최근,"2018",노형동,8927,743.9167
과거,"2014",노형동,5966,497.1667
과거,"2013",노형동,5493,457.7500
과거,"2012",노형동,5130,427.5000
과거,"2011",노형동,4760,396.6667
과거,"2010",노형동,3978,361.6364
과거,"2009",노형동,4001,333.4167
최근,"2023",대정읍,5906,656.2222
최근,"2022",대정읍,7109,592.4167
최근,"2021",대정읍,6271,522.5833
최근,"2020",대정읍,5441,453.4167
최근,"2019",대정읍,4787,398.9167
최근,"2018",대정읍,4124,343.6667
과거,"2014",대정읍,2306,192.1667
과거,"2013",대정읍,2102,175.1667
과거,"2012",대정읍,1981,165.0833
과거,"2011",대정읍,1798,149.8333
과거,"2010",대정읍,1523,138.4545
과거,"2009",대정읍,1274,127.4000
최근,"2023",대포동,66,66.0000
최근,"2022",대포동,364,60.6667
최근,"2021",대포동,327,54.5000
최근,"2020",대포동,249,49.8000
최근,"2019",대포동,296,42.2857
최근,"2018",대포동,151,37.7500
과거,"2014",대포동,112,28.0000
과거,"2013",대포동,50,25.0000
과거,"2012",대포동,67,22.3333
과거,"2011",대포동,38,19.0000
과거,"2010",대포동,18,18.0000
과거,"2009",대포동,52,17.3333
최근,"2023",도남동,2695,299.4444
최근,"2022",도남동,3326,277.1667
최근,"2021",도남동,2735,248.6364
최근,"2020",도남동,2541,231.0000
최근,"2019",도남동,1912,212.4444
최근,"2018",도남동,2079,189.0000
과거,"2014",도남동,1241,137.8889
과거,"2013",도남동,1267,126.7000
과거,"2012",도남동,715,119.1667
과거,"2011",도남동,1015,112.7778
과거,"2010",도남동,844,105.5000
과거,"2009",도남동,983,98.3000
최근,"2023",도두이동,75,37.5000
최근,"2022",도두이동,102,34.0000
최근,"2021",도두이동,62,31.0000
최근,"2020",도두이동,84,28.0000
최근,"2019",도두이동,72,24.0000
최근,"2018",도두이동,62,20.6667
과거,"2014",도두이동,12,12.0000
과거,"2013",도두이동,11,11.0000
과거,"2012",도두이동,30,10.0000
과거,"2010",도두이동,9,9.0000
과거,"2009",도두이동,9,9.0000
최근,"2023",도두일동,731,146.2000
최근,"2022",도두일동,835,139.1667
최근,"2021",도두일동,1273,127.3000
최근,"2020",도두일동,1148,114.8000
최근,"2019",도두일동,1164,105.8182
최근,"2018",도두일동,695,99.2857
과거,"2014",도두일동,434,62.0000
과거,"2013",도두일동,332,55.3333
과거,"2012",도두일동,372,46.5000
과거,"2011",도두일동,246,35.1429
과거,"2010",도두일동,121,30.2500
과거,"2009",도두일동,117,29.2500
최근,"2023",도련이동,19,19.0000
최근,"2021",도련이동,67,16.7500
최근,"2020",도련이동,31,15.5000
최근,"2019",도련이동,85,12.1429
최근,"2018",도련이동,50,8.3333
과거,"2014",도련이동,12,6.0000
과거,"2013",도련이동,11,5.5000
과거,"2012",도련이동,9,4.5000
과거,"2011",도련이동,3,3.0000
과거,"2010",도련이동,3,3.0000
과거,"2009",도련이동,4,2.0000
최근,"2023",도련일동,619,123.8000
최근,"2022",도련일동,999,111.0000
최근,"2021",도련일동,1146,95.5000
최근,"2020",도련일동,770,77.0000
최근,"2019",도련일동,644,58.5455
최근,"2018",도련일동,418,41.8000
과거,"2014",도련일동,90,11.2500
과거,"2013",도련일동,24,8.0000
과거,"2012",도련일동,22,5.5000
과거,"2011",도련일동,5,5.0000
과거,"2010",도련일동,4,4.0000
과거,"2009",도련일동,3,3.0000
최근,"2022",도순동,15,7.5000
최근,"2021",도순동,6,6.0000
최근,"2020",도순동,11,5.5000
최근,"2019",도순동,7,3.5000
과거,"2013",도순동,0,0.0000
최근,"2023",도평동,19,19.0000
최근,"2022",도평동,76,15.2000
최근,"2021",도평동,30,10.0000
최근,"2020",도평동,31,7.7500
최근,"2019",도평동,10,5.0000
최근,"2018",도평동,8,4.0000
과거,"2013",도평동,2,2.0000
과거,"2011",도평동,1,1.0000
과거,"2010",도평동,1,0.5000
최근,"2023",동홍동,2866,409.4286
최근,"2022",동홍동,4530,377.5000
최근,"2021",동홍동,3966,330.5000
최근,"2020",동홍동,3598,299.8333
최근,"2019",동홍동,3226,268.8333
최근,"2018",동홍동,2618,238.0000
과거,"2014",동홍동,1704,154.9091
과거,"2013",동홍동,984,140.5714
과거,"2012",동홍동,1394,126.7273
과거,"2011",동홍동,964,107.1111
과거,"2010",동홍동,1065,96.8182
과거,"2009",동홍동,895,89.5000
최근,"2023",법환동,1171,167.2857
최근,"2022",법환동,1512,151.2000
최근,"2021",법환동,1203,133.6667
최근,"2020",법환동,1061,117.8889
최근,"2019",법환동,1050,105.0000
최근,"2018",법환동,641,91.5714
과거,"2014",법환동,324,54.0000
과거,"2013",법환동,456,50.6667
과거,"2012",법환동,287,47.8333
과거,"2011",법환동,217,43.4000
과거,"2010",법환동,229,38.1667
과거,"2009",법환동,179,35.8000
최근,"2023",보목동,36,36.0000
최근,"2022",보목동,35,35.0000
최근,"2021",보목동,34,34.0000
최근,"2020",보목동,89,29.6667
최근,"2019",보목동,121,24.2000
최근,"2018",보목동,111,18.5000
과거,"2014",보목동,18,9.0000
과거,"2013",보목동,32,8.0000
과거,"2012",보목동,8,8.0000
과거,"2011",보목동,8,8.0000
과거,"2010",보목동,8,8.0000
과거,"2009",보목동,8,8.0000
최근,"2023",봉개동,461,92.2000
최근,"2022",봉개동,430,86.0000
최근,"2021",봉개동,635,79.3750
최근,"2020",봉개동,545,68.1250
최근,"2019",봉개동,403,57.5714
최근,"2018",봉개동,294,49.0000
과거,"2014",봉개동,67,33.5000
과거,"2013",봉개동,92,30.6667
과거,"2012",봉개동,182,26.0000
과거,"2011",봉개동,93,23.2500
과거,"2010",봉개동,63,21.0000
과거,"2009",봉개동,107,17.8333
최근,"2023",삼도이동,2981,331.2222
최근,"2022",삼도이동,3393,308.4545
최근,"2021",삼도이동,3088,280.7273
최근,"2020",삼도이동,3045,253.7500
최근,"2019",삼도이동,2722,226.8333
최근,"2018",삼도이동,2062,206.2000
과거,"2014",삼도이동,1562,156.2000
과거,"2013",삼도이동,1491,149.1000
과거,"2012",삼도이동,1402,140.2000
과거,"2011",삼도이동,918,131.1429
과거,"2010",삼도이동,1520,126.6667
과거,"2009",삼도이동,721,120.1667
최근,"2023",삼도일동,2369,296.1250
최근,"2022",삼도일동,2768,276.8000
최근,"2021",삼도일동,2840,258.1818
최근,"2020",삼도일동,2661,241.9091
최근,"2019",삼도일동,2165,216.5000
최근,"2018",삼도일동,2164,196.7273
과거,"2014",삼도일동,1579,143.5455
과거,"2013",삼도일동,1048,131.0000
과거,"2012",삼도일동,874,124.8571
과거,"2011",삼도일동,1069,118.7778
과거,"2010",삼도일동,1332,111.0000
과거,"2009",삼도일동,1003,100.3000
최근,"2023",삼양삼동,8,8.0000
최근,"2021",삼양삼동,7,7.0000
최근,"2020",삼양삼동,19,6.3333
과거,"2014",삼양삼동,3,3.0000
과거,"2010",삼양삼동,3,3.0000
최근,"2023",삼양이동,914,130.5714
최근,"2022",삼양이동,724,120.6667
최근,"2021",삼양이동,784,112.0000
최근,"2020",삼양이동,1028,102.8000
최근,"2019",삼양이동,817,90.7778
최근,"2018",삼양이동,640,80.0000
과거,"2014",삼양이동,285,40.7143
과거,"2013",삼양이동,268,33.5000
과거,"2012",삼양이동,84,28.0000
과거,"2011",삼양이동,80,26.6667
과거,"2010",삼양이동,122,24.4000
과거,"2009",삼양이동,128,21.3333
최근,"2023",삼양일동,239,47.8000
최근,"2022",삼양일동,251,41.8333
최근,"2021",삼양일동,227,37.8333
최근,"2020",삼양일동,134,33.5000
최근,"2019",삼양일동,228,28.5000
최근,"2018",삼양일동,147,24.5000
과거,"2014",삼양일동,39,9.7500
과거,"2013",삼양일동,18,9.0000
과거,"2012",삼양일동,17,8.5000
과거,"2011",삼양일동,20,6.6667
과거,"2010",삼양일동,6,6.0000
과거,"2009",삼양일동,24,6.0000
최근,"2023",상예동,211,52.7500
최근,"2022",상예동,99,49.5000
최근,"2021",상예동,268,44.6667
최근,"2020",상예동,182,36.4000
최근,"2019",상예동,186,31.0000
최근,"2018",상예동,165,27.5000
과거,"2014",상예동,17,8.5000
과거,"2013",상예동,32,8.0000
과거,"2012",상예동,8,8.0000
과거,"2011",상예동,15,7.5000
과거,"2010",상예동,21,7.0000
과거,"2009",상예동,21,7.0000
최근,"2023",상효동,31,31.0000
최근,"2022",상효동,87,29.0000
최근,"2021",상효동,55,27.5000
최근,"2020",상효동,75,25.0000
최근,"2019",상효동,45,22.5000
최근,"2018",상효동,40,20.0000
과거,"2014",상효동,10,10.0000
과거,"2013",상효동,9,9.0000
과거,"2012",상효동,7,7.0000
과거,"2010",상효동,7,7.0000
최근,"2023",색달동,858,171.6000
최근,"2022",색달동,1295,161.8750
최근,"2021",색달동,1305,145.0000
최근,"2020",색달동,766,127.6667
최근,"2019",색달동,1043,115.8889
최근,"2018",색달동,719,102.7143
과거,"2014",색달동,333,66.6000
과거,"2013",색달동,441,63.0000
과거,"2012",색달동,470,58.7500
과거,"2011",색달동,313,52.1667
과거,"2010",색달동,240,48.0000
과거,"2009",색달동,223,44.6000
최근,"2023",서귀동,8900,988.8889
최근,"2022",서귀동,11050,920.8333
최근,"2021",서귀동,9405,855.0000
최근,"2020",서귀동,9469,789.0833
최근,"2019",서귀동,8840,736.6667
최근,"2018",서귀동,8251,687.5833
과거,"2014",서귀동,6149,512.4167
과거,"2013",서귀동,5820,485.0000
과거,"2012",서귀동,5435,452.9167
과거,"2011",서귀동,5131,427.5833
과거,"2010",서귀동,4422,402.0000
과거,"2009",서귀동,4529,377.4167
최근,"2023",서호동,805,161.0000
최근,"2022",서호동,1329,147.6667
최근,"2021",서호동,1277,127.7000
최근,"2020",서호동,1212,110.1818
최근,"2019",서호동,1104,92.0000
최근,"2018",서호동,802,72.9091
과거,"2014",서호동,179,29.8333
과거,"2013",서호동,162,27.0000
과거,"2012",서호동,198,24.7500
과거,"2011",서호동,145,20.7143
과거,"2010",서호동,73,18.2500
과거,"2009",서호동,50,16.6667
최근,"2023",서홍동,1915,212.7778
최근,"2022",서홍동,1724,191.5556
최근,"2021",서홍동,1675,167.5000
최근,"2020",서홍동,1482,148.2000
최근,"2019",서홍동,1530,127.5000
최근,"2018",서홍동,1156,115.6000
과거,"2014",서홍동,398,56.8571
과거,"2013",서홍동,347,49.5714
과거,"2012",서홍동,368,46.0000
과거,"2011",서홍동,361,40.1111
과거,"2010",서홍동,226,37.6667
과거,"2009",서홍동,287,35.8750
최근,"2023",성산읍,6905,767.2222
최근,"2022",성산읍,7765,705.9091
최근,"2021",성산읍,7596,633.0000
최근,"2020",성산읍,6784,565.3333
최근,"2019",성산읍,6020,501.6667
최근,"2018",성산읍,5244,437.0000
과거,"2014",성산읍,2620,218.3333
과거,"2013",성산읍,2163,180.2500
과거,"2012",성산읍,1600,160.0000
과거,"2011",성산읍,1756,146.3333
과거,"2010",성산읍,1347,134.7000
과거,"2009",성산읍,1372,124.7273
최근,"2023",신효동,49,24.5000
최근,"2022",신효동,23,23.0000
최근,"2021",신효동,82,20.5000
최근,"2020",신효동,33,16.5000
최근,"2019",신효동,30,15.0000
최근,"2018",신효동,42,14.0000
과거,"2014",신효동,6,6.0000
과거,"2013",신효동,5,5.0000
과거,"2012",신효동,4,4.0000
과거,"2010",신효동,12,4.0000
최근,"2023",아라이동,574,143.5000
최근,"2022",아라이동,936,133.7143
최근,"2021",아라이동,1184,118.4000
최근,"2020",아라이동,870,108.7500
최근,"2019",아라이동,895,99.4444
최근,"2018",아라이동,795,88.3333
과거,"2014",아라이동,370,52.8571
과거,"2013",아라이동,387,43.0000
과거,"2012",아라이동,268,29.7778
과거,"2011",아라이동,168,24.0000
과거,"2010",아라이동,138,19.7143
과거,"2009",아라이동,80,16.0000
최근,"2023",아라일동,4123,458.1111
최근,"2022",아라일동,4923,410.2500
최근,"2021",아라일동,4292,357.6667
최근,"2020",아라일동,3711,309.2500
최근,"2019",아라일동,3176,264.6667
최근,"2018",아라일동,2679,223.2500
과거,"2014",아라일동,1086,90.5000
과거,"2013",아라일동,748,62.3333
과거,"2012",아라일동,384,48.0000
과거,"2011",아라일동,422,42.2000
과거,"2010",아라일동,176,35.2000
과거,"2009",아라일동,289,32.1111
최근,"2023",안덕면,5911,656.7778
최근,"2022",안덕면,7092,591.0000
최근,"2021",안덕면,6238,519.8333
최근,"2020",안덕면,5419,451.5833
최근,"2019",안덕면,4640,386.6667
최근,"2018",안덕면,3834,319.5000
과거,"2014",안덕면,1712,142.6667
과거,"2013",안덕면,1505,125.4167
과거,"2012",안덕면,1103,110.3000
과거,"2011",안덕면,940,94.0000
과거,"2010",안덕면,763,84.7778
과거,"2009",안덕면,641,80.1250
최근,"2023",애월읍,10424,1158.2222
최근,"2022",애월읍,12408,1034.0000
최근,"2021",애월읍,10709,892.4167
최근,"2020",애월읍,9091,757.5833
최근,"2019",애월읍,7655,637.9167
최근,"2018",애월읍,6451,537.5833
과거,"2014",애월읍,2997,249.7500
과거,"2013",애월읍,2590,215.8333
과거,"2012",애월읍,2279,189.9167
과거,"2011",애월읍,1861,169.1818
과거,"2010",애월읍,1874,156.1667
과거,"2009",애월읍,1718,143.1667
최근,"2023",연동,14521,1613.4444
최근,"2022",연동,18115,1509.5833
최근,"2021",연동,16818,1401.5000
최근,"2020",연동,15264,1272.0000
최근,"2019",연동,14034,1169.5000
최근,"2018",연동,12624,1052.0000
과거,"2014",연동,9595,799.5833
과거,"2013",연동,8966,747.1667
과거,"2012",연동,8535,711.2500
과거,"2011",연동,8108,675.6667
과거,"2010",연동,7561,630.0833
과거,"2009",연동,7067,588.9167
과거,"2014",영남동,1,1.0000
최근,"2023",영평동,186,46.5000
최근,"2022",영평동,249,41.5000
최근,"2021",영평동,113,37.6667
최근,"2020",영평동,228,32.5714
최근,"2019",영평동,112,28.0000
최근,"2018",영평동,198,22.0000
과거,"2014",영평동,21,7.0000
과거,"2012",영평동,12,6.0000
과거,"2011",영평동,6,6.0000
과거,"2010",영평동,5,5.0000
과거,"2009",영평동,5,5.0000
최근,"2023",오등동,208,41.6000
최근,"2022",오등동,208,34.6667
최근,"2021",오등동,252,28.0000
최근,"2020",오등동,65,21.6667
최근,"2019",오등동,89,17.8000
최근,"2018",오등동,48,16.0000
과거,"2014",오등동,8,8.0000
과거,"2013",오등동,8,8.0000
과거,"2012",오등동,24,8.0000
과거,"2011",오등동,7,7.0000
과거,"2010",오등동,6,6.0000
과거,"2009",오등동,5,5.0000
최근,"2023",오라삼동,55,27.5000
최근,"2021",오라삼동,101,25.2500
최근,"2020",오라삼동,89,22.2500
최근,"2019",오라삼동,71,17.7500
최근,"2018",오라삼동,51,12.7500
과거,"2014",오라삼동,13,6.5000
과거,"2013",오라삼동,24,4.0000
과거,"2010",오라삼동,3,3.0000
과거,"2009",오라삼동,6,3.0000
최근,"2023",오라이동,805,100.6250
최근,"2022",오라이동,714,89.2500
최근,"2021",오라이동,763,76.3000
최근,"2020",오라이동,474,67.7143
최근,"2019",오라이동,396,56.5714
최근,"2018",오라이동,364,45.5000
과거,"2014",오라이동,177,22.1250
과거,"2013",오라이동,109,18.1667
과거,"2012",오라이동,77,15.4000
과거,"2011",오라이동,27,13.5000
과거,"2010",오라이동,35,11.6667
과거,"2009",오라이동,33,11.0000
최근,"2023",오라일동,468,93.6000
최근,"2022",오라일동,358,89.5000
최근,"2021",오라일동,339,84.7500
최근,"2020",오라일동,479,79.8333
최근,"2019",오라일동,228,76.0000
최근,"2018",오라일동,365,73.0000
과거,"2014",오라일동,173,57.6667
과거,"2013",오라일동,410,51.2500
과거,"2012",오라일동,138,46.0000
과거,"2011",오라일동,208,41.6000
과거,"2010",오라일동,113,37.6667
과거,"2009",오라일동,134,33.5000
최근,"2023",외도이동,223,44.6000
최근,"2022",외도이동,234,39.0000
최근,"2021",외도이동,137,34.2500
최근,"2020",외도이동,93,31.0000
최근,"2019",외도이동,136,27.2000
최근,"2018",외도이동,49,24.5000
과거,"2014",외도이동,53,17.6667
과거,"2013",외도이동,16,16.0000
과거,"2012",외도이동,30,15.0000
과거,"2011",외도이동,28,14.0000
과거,"2010",외도이동,14,14.0000
과거,"2009",외도이동,49,12.2500
최근,"2023",외도일동,2276,325.1429
최근,"2022",외도일동,3287,298.8182
최근,"2021",외도일동,3272,272.6667
최근,"2020",외도일동,2882,240.1667
최근,"2019",외도일동,2561,213.4167
최근,"2018",외도일동,2256,188.0000
과거,"2014",외도일동,1177,107.0000
과거,"2013",외도일동,982,89.2727
과거,"2012",외도일동,837,76.0909
과거,"2011",외도일동,451,64.4286
과거,"2010",외도일동,508,56.4444
과거,"2009",외도일동,311,51.8333
최근,"2023",용담삼동,563,112.6000
최근,"2022",용담삼동,525,105.0000
최근,"2021",용담삼동,788,98.5000
최근,"2020",용담삼동,801,89.0000
최근,"2019",용담삼동,487,81.1667
최근,"2018",용담삼동,598,74.7500
과거,"2014",용담삼동,567,56.7000
과거,"2013",용담삼동,355,50.7143
과거,"2012",용담삼동,239,47.8000
과거,"2011",용담삼동,187,46.7500
과거,"2010",용담삼동,261,43.5000
과거,"2009",용담삼동,228,38.0000
최근,"2023",용담이동,1958,244.7500
최근,"2022",용담이동,2043,227.0000
최근,"2021",용담이동,2247,204.2727
최근,"2020",용담이동,1645,182.7778
최근,"2019",용담이동,1415,157.2222
최근,"2018",용담이동,1277,141.8889
과거,"2014",용담이동,751,107.2857
과거,"2013",용담이동,800,100.0000
과거,"2012",용담이동,558,93.0000
과거,"2011",용담이동,787,87.4444
과거,"2010",용담이동,772,77.2000
과거,"2009",용담이동,798,72.5455
최근,"2023",용담일동,1312,218.6667
최근,"2022",용담일동,1823,202.5556
최근,"2021",용담일동,1153,192.1667
최근,"2020",용담일동,1299,185.5714
최근,"2019",용담일동,1921,174.6364
최근,"2018",용담일동,1249,156.1250
과거,"2014",용담일동,891,127.2857
과거,"2013",용담일동,739,123.1667
과거,"2012",용담일동,918,114.7500
과거,"2011",용담일동,934,103.7778
과거,"2010",용담일동,571,95.1667
과거,"2009",용담일동,555,92.5000
최근,"2023",우도면,1496,187.0000
최근,"2022",우도면,2015,167.9167
최근,"2021",우도면,1411,141.1000
최근,"2020",우도면,1129,125.4444
최근,"2019",우도면,702,117.0000
최근,"2018",우도면,1053,105.3000
과거,"2014",우도면,424,42.4000
과거,"2013",우도면,216,30.8571
과거,"2012",우도면,211,26.3750
과거,"2011",우도면,127,21.1667
과거,"2010",우도면,54,18.0000
과거,"2009",우도면,101,16.8333
최근,"2023",월평동,63,31.5000
최근,"2022",월평동,114,28.5000
최근,"2021",월평동,120,24.0000
최근,"2020",월평동,60,20.0000
최근,"2019",월평동,35,17.5000
최근,"2018",월평동,48,16.0000
과거,"2014",월평동,16,8.0000
과거,"2013",월평동,20,5.0000
과거,"2011",월평동,5,2.5000
최근,"2023",이도이동,10883,1209.2222
최근,"2022",이도이동,13315,1109.5833
최근,"2021",이도이동,12105,1008.7500
최근,"2020",이도이동,10873,906.0833
최근,"2019",이도이동,9904,825.3333
최근,"2018",이도이동,9106,758.8333
과거,"2014",이도이동,6650,554.1667
과거,"2013",이도이동,6030,502.5000
과거,"2012",이도이동,5515,459.5833
과거,"2011",이도이동,5011,417.5833
과거,"2010",이도이동,4605,383.7500
과거,"2009",이도이동,4335,361.2500
최근,"2023",이도일동,2078,296.8571
최근,"2022",이도일동,2977,270.6364
최근,"2021",이도일동,2369,236.9000
최근,"2020",이도일동,2156,215.6000
최근,"2019",이도일동,1930,193.0000
최근,"2018",이도일동,1596,177.3333
과거,"2014",이도일동,1348,134.8000
과거,"2013",이도일동,1397,127.0000
과거,"2012",이도일동,848,121.1429
과거,"2011",이도일동,1273,115.7273
과거,"2010",이도일동,1195,108.6364
과거,"2009",이도일동,833,104.1250
최근,"2023",이호이동,71,35.5000
최근,"2022",이호이동,164,32.8000
최근,"2021",이호이동,141,28.2000
최근,"2020",이호이동,94,23.5000
최근,"2019",이호이동,63,21.0000
최근,"2018",이호이동,77,19.2500
과거,"2014",이호이동,12,12.0000
과거,"2013",이호이동,35,8.7500
과거,"2012",이호이동,12,6.0000
과거,"2011",이호이동,6,6.0000
과거,"2009",이호이동,12,6.0000
최근,"2023",이호일동,335,55.8333
최근,"2022",이호일동,241,48.2000
최근,"2021",이호일동,137,45.6667
최근,"2020",이호일동,245,40.8333
최근,"2019",이호일동,322,32.2000
최근,"2018",이호일동,123,24.6000
과거,"2014",이호일동,50,12.5000
과거,"2013",이호일동,65,9.2857
과거,"2012",이호일동,36,9.0000
과거,"2011",이호일동,27,9.0000
과거,"2010",이호일동,16,8.0000
과거,"2009",이호일동,31,7.7500
최근,"2023",일도이동,5326,591.7778
최근,"2022",일도이동,5569,556.9000
최근,"2021",일도이동,6222,518.5000
최근,"2020",일도이동,5708,475.6667
최근,"2019",일도이동,5310,442.5000
최근,"2018",일도이동,4928,410.6667
과거,"2014",일도이동,3826,318.8333
과거,"2013",일도이동,3511,292.5833
과거,"2012",일도이동,3252,271.0000
과거,"2011",일도이동,3021,251.7500
과거,"2010",일도이동,2650,240.9091
과거,"2009",일도이동,2535,230.4545
최근,"2023",일도일동,2101,233.4444
최근,"2022",일도일동,1935,215.0000
최근,"2021",일도일동,2156,196.0000
최근,"2020",일도일동,1859,169.0000
최근,"2019",일도일동,1691,153.7273
최근,"2018",일도일동,1500,136.3636
과거,"2014",일도일동,794,88.2222
과거,"2013",일도일동,578,82.5714
과거,"2012",일도일동,641,80.1250
과거,"2011",일도일동,556,79.4286
과거,"2010",일도일동,538,76.8571
과거,"2009",일도일동,732,73.2000
최근,"2023",조천읍,7975,886.1111
최근,"2022",조천읍,9453,787.7500
최근,"2021",조천읍,8390,699.1667
최근,"2020",조천읍,7279,606.5833
최근,"2019",조천읍,6142,511.8333
최근,"2018",조천읍,5064,422.0000
과거,"2014",조천읍,2307,209.7273
과거,"2013",조천읍,2063,187.5455
과거,"2012",조천읍,1974,164.5000
과거,"2011",조천읍,1231,153.8750
과거,"2010",조천읍,1515,137.7273
과거,"2009",조천읍,1116,124.0000
최근,"2019",죽정동,0,0.0000
최근,"2023",중문동,2030,290.0000
최근,"2022",중문동,2685,268.5000
최근,"2021",중문동,2583,234.8182
최근,"2020",중문동,2319,210.8182
최근,"2019",중문동,1899,189.9000
최근,"2018",중문동,1696,169.6000
과거,"2014",중문동,961,106.7778
과거,"2013",중문동,782,97.7500
과거,"2012",중문동,728,91.0000
과거,"2011",중문동,756,84.0000
과거,"2010",중문동,643,80.3750
과거,"2009",중문동,515,73.5714
최근,"2023",추자면,99,49.5000
최근,"2022",추자면,142,47.3333
최근,"2021",추자면,304,43.4286
최근,"2020",추자면,149,37.2500
최근,"2019",추자면,173,34.6000
최근,"2018",추자면,63,31.5000
과거,"2014",추자면,46,23.0000
과거,"2012",추자면,62,20.6667
과거,"2011",추자면,84,16.8000
과거,"2010",추자면,78,15.6000
과거,"2009",추자면,59,14.7500
최근,"2023",토평동,276,92.0000
최근,"2022",토평동,440,88.0000
최근,"2021",토평동,413,82.6000
최근,"2020",토평동,307,76.7500
최근,"2019",토평동,551,68.8750
최근,"2018",토평동,355,59.1667
과거,"2014",토평동,75,37.5000
과거,"2013",토평동,203,33.8333
과거,"2012",토평동,119,29.7500
과거,"2011",토평동,79,26.3333
과거,"2010",토평동,122,24.4000
과거,"2009",토평동,66,22.0000
최근,"2023",표선면,4628,514.2222
최근,"2022",표선면,5628,469.0000
최근,"2021",표선면,4634,421.2727
최근,"2020",표선면,4617,384.7500
최근,"2019",표선면,4288,357.3333
최근,"2018",표선면,3906,325.5000
과거,"2014",표선면,2443,203.5833
과거,"2013",표선면,1923,192.3000
과거,"2012",표선면,1667,185.2222
과거,"2011",표선면,1739,173.9000
과거,"2010",표선면,1766,160.5455
과거,"2009",표선면,1507,150.7000
최근,"2023",하예동,166,41.5000
최근,"2022",하예동,156,39.0000
최근,"2021",하예동,251,35.8571
최근,"2020",하예동,97,32.3333
최근,"2019",하예동,119,29.7500
최근,"2018",하예동,132,26.4000
과거,"2014",하예동,60,12.0000
과거,"2013",하예동,28,9.3333
과거,"2012",하예동,8,8.0000
과거,"2011",하예동,24,8.0000
과거,"2010",하예동,7,7.0000
과거,"2009",하예동,7,7.0000
최근,"2023",하원동,33,16.5000
최근,"2022",하원동,27,13.5000
최근,"2021",하원동,24,12.0000
최근,"2019",하원동,33,11.0000
최근,"2018",하원동,11,11.0000
과거,"2014",하원동,3,3.0000
과거,"2013",하원동,3,3.0000
과거,"2011",하원동,5,2.5000
과거,"2009",하원동,4,2.0000
최근,"2023",하효동,587,97.8333
최근,"2022",하효동,697,87.1250
최근,"2021",하효동,558,79.7143
최근,"2020",하효동,288,72.0000
최근,"2019",하효동,495,61.8750
최근,"2018",하효동,257,51.4000
과거,"2014",하효동,112,28.0000
과거,"2013",하효동,80,26.6667
과거,"2012",하효동,125,25.0000
과거,"2011",하효동,85,21.2500
과거,"2010",하효동,61,20.3333
과거,"2009",하효동,114,19.0000
최근,"2023",한경면,3255,361.6667
최근,"2022",한경면,3887,323.9167
최근,"2021",한경면,3087,280.6364
최근,"2020",한경면,2784,232.0000
최근,"2019",한경면,2176,197.8182
최근,"2018",한경면,1972,164.3333
과거,"2014",한경면,677,75.2222
과거,"2013",한경면,600,66.6667
과거,"2012",한경면,632,57.4545
과거,"2011",한경면,255,51.0000
과거,"2010",한경면,305,43.5714
과거,"2009",한경면,194,38.8000
최근,"2023",한림읍,8436,937.3333
최근,"2022",한림읍,10164,847.0000
최근,"2021",한림읍,8755,729.5833
최근,"2020",한림읍,7634,636.1667
최근,"2019",한림읍,6642,553.5000
최근,"2018",한림읍,5496,458.0000
과거,"2014",한림읍,2926,243.8333
과거,"2013",한림읍,2584,215.3333
과거,"2012",한림읍,2375,197.9167
과거,"2011",한림읍,2181,181.7500
과거,"2010",한림읍,2024,168.6667
과거,"2009",한림읍,1568,156.8000
최근,"2023",해안동,148,49.3333
최근,"2022",해안동,93,46.5000
최근,"2021",해안동,375,41.6667
최근,"2020",해안동,215,30.7143
최근,"2019",해안동,134,22.3333
최근,"2018",해안동,55,18.3333
과거,"2014",해안동,9,9.0000
과거,"2013",해안동,21,7.0000
과거,"2012",해안동,4,4.0000
과거,"2011",해안동,4,4.0000
과거,"2010",해안동,4,4.0000
최근,"2023",호근동,349,58.1667
최근,"2022",호근동,294,49.0000
최근,"2021",호근동,289,41.2857
최근,"2020",호근동,180,36.0000
최근,"2019",호근동,251,31.3750
최근,"2018",호근동,232,25.7778
과거,"2014",호근동,28,14.0000
과거,"2013",호근동,44,11.0000
과거,"2012",호근동,19,9.5000
과거,"2011",호근동,8,8.0000
과거,"2010",호근동,8,8.0000
과거,"2009",호근동,13,6.5000
최근,"2023",화북이동,77,25.6667
최근,"2022",화북이동,105,21.0000
최근,"2021",화북이동,48,16.0000
최근,"2020",화북이동,52,13.0000
최근,"2019",화북이동,20,10.0000
최근,"2018",화북이동,9,9.0000
과거,"2014",화북이동,5,5.0000
과거,"2013",화북이동,21,3.0000
과거,"2012",화북이동,2,2.0000
과거,"2011",화북이동,2,2.0000
과거,"2009",화북이동,6,2.0000
최근,"2023",화북일동,2045,292.1429
최근,"2022",화북일동,3329,277.4167
최근,"2021",화북일동,2960,246.6667
최근,"2020",화북일동,2382,216.5455
최근,"2019",화북일동,2253,187.7500
최근,"2018",화북일동,1892,172.0000
과거,"2014",화북일동,1258,114.3636
과거,"2013",화북일동,928,103.1111
과거,"2012",화북일동,1019,92.6364
과거,"2011",화북일동,954,86.7273
과거,"2010",화북일동,633,79.1250
과거,"2009",화북일동,533,76.1429
최근,"2023",회수동,57,28.5000
최근,"2022",회수동,101,25.2500
최근,"2021",회수동,63,21.0000
최근,"2020",회수동,51,17.0000
최근,"2019",회수동,29,14.5000
최근,"2018",회수동,26,13.0000
과거,"2014",회수동,15,7.5000
과거,"2012",회수동,6,6.0000
최근,"2023",회천동,14,14.0000
최근,"2022",회천동,25,12.5000
최근,"2019",회천동,30,10.0000
과거,"2014",회천동,11,5.5000
과거,"2009",회천동,5,5.0000
